framework,run,first-contentful-paint,largest-contentful-paint,total-blocking-time,server-response-time,speed-index,first-meaningful-paint,dom-content-loaded,interactive,max-potential-fid,bootup-time
react,1,1977.6541499999998,2099.65415,50.0,2.4250000000000003,1977.6541499999998,1977.6541499999998,170,2102.65415,92.0,183.11599999999999
react,2,1957.4338750000002,2108.92065,11.5,1.55,1957.4338750000002,1957.4338750000002,102,1993.9338750000002,73.0,119.81600000000002
react,3,1956.9144,2060.9144,0.0,2.885,1956.9144,1956.9144,57,1956.9144,48.999999999999886,107.85200000000002
react,4,1956.86475,2108.2376999999997,7.5,2.949,1956.86475,1956.86475,61,1989.36475,65.0,118.78000000000002
react,5,1955.475125,2106.5701500000005,0.0,2.49,1955.475125,1955.475125,48,1955.475125,50.0,89.65600000000003
react,6,1955.0720000000001,2106.0864,3.0,2.333,1955.0720000000001,1955.0720000000001,48,1983.0720000000001,56.0,111.82000000000001
react,7,1954.28675,2105.1441,1.0,2.1769999999999996,1954.28675,1954.28675,48,1980.28675,52.0,91.24800000000009
react,8,1955.4071250000002,2106.48855,2.0,2.6439999999999997,1955.4071250000002,1955.4071250000002,57,1993.6628500000002,1357.0,99.31200000000007
react,9,1973.63175,2080.63175,45.061375,2.363,1973.63175,1973.63175,102,2118.693125,88.0,161.10799999999992
react,10,1954.73075,2105.6769,3.0,2.567,1954.73075,1954.73075,53,2007.73075,56.0,120.24400000000004
react,11,1956.0991250000002,2107.31895,0.0,2.665,1956.0991250000002,1956.0991250000002,49,1956.0991250000002,47.0,89.16400000000007
react,12,1963.89435,2061.89435,4.0,2.009,1963.89435,1963.89435,99,2012.89435,57.999999999999886,109.23200000000004
react,13,1955.659375,2106.79125,16.000000000000114,2.4690000000000003,1955.659375,1955.659375,54,2059.79125,82.00000000000023,123.47200000000004
react,14,2300.1115,2300.1115,0.0,2.605,2300.1115,2300.1115,161,2300.1115,41.0,90.07999999999996
react,15,1969.789625,2123.74755,9.5,3.399,1969.789625,1969.789625,73,2004.289625,69.0,122.54799999999997
react,16,1954.584125,2105.50095,0.0,1.819,1954.584125,1954.584125,44,1954.584125,42.0,85.25600000000006
react,17,1955.3345,2106.4013999999997,2.0,2.597,1955.3345,1955.3345,49,1982.3345,54.0,110.83200000000001
react,18,1956.3055,2107.5666,0.0,3.313,1956.3055,1956.3055,48,1956.3055,47.0,94.1040000000001
react,19,1958.1606,2074.1606,0.0,2.826,1958.1606,1958.1606,62,1958.1606,41.0,88.10400000000006
react,20,1957.086375,2108.50365,9.5,3.712,1957.086375,1957.086375,60,1991.586375,69.0,105.60800000000005
react,21,1957.40225,2108.8827,1.5,2.1710000000000003,1957.40225,1957.40225,61,1983.90225,53.0,108.77200000000005
react,22,1955.575,2106.69,0.0,2.513,1955.575,1955.575,51,1955.575,47.0,103.75200000000004
react,23,1954.6311249999999,2105.55735,0.0,2.334,1954.6311249999999,1954.6311249999999,44,1954.6311249999999,46.0,92.11200000000001
react,24,1955.242375,2106.2908500000003,0.0,2.375,1955.242375,1955.242375,49,1955.242375,42.0,88.77599999999998
react,25,1956.0921250000001,1956.0921250000001,0.0,2.87,1956.0921250000001,1956.0921250000001,46,1956.0921250000001,43.0,103.47200000000007
react,26,1956.66925,2108.0031,0.0,3.0620000000000003,1956.66925,1956.66925,56,1956.66925,47.0,98.78000000000004
react,27,1954.60995,2050.60995,0.0,1.695,1954.60995,1954.60995,46,1954.60995,40.0,87.98400000000001
react,28,1955.744,2106.8927999999996,0.0,2.6919999999999997,1955.744,1955.744,46,1955.744,43.0,113.14799999999998
react,29,1954.347875,2105.21745,0.0,1.6,1954.347875,1954.347875,51,1954.347875,43.0,90.38800000000002
react,30,1954.277125,2105.1325500000003,0.0,3.0300000000000002,1954.277125,1954.277125,47,1954.277125,48.0,87.67200000000003
react,31,1955.29,2106.348,0.0,2.617,1955.29,1955.29,46,1955.29,50.0,114.56400000000001
react,32,1953.987,2104.7843999999996,0.0,1.5130000000000001,1953.987,1953.987,50,1953.987,42.0,91.32000000000002
react,33,1958.222875,2109.8674499999997,9.0,2.9080000000000004,1958.222875,1958.222875,92,1992.222875,68.0,120.84800000000001
react,34,1955.36425,2106.4371,0.5,2.311,1955.36425,1955.36425,46,1980.86425,51.0,107.78000000000003
react,35,1955.729,2106.8748,0.0,2.551,1955.729,1955.729,47,1955.729,43.0,92.636
react,36,1954.987625,2105.98515,0.0,2.3,1954.987625,1954.987625,43,1954.987625,45.0,96.62000000000006
react,37,1954.923875,2105.9086500000003,0.0,2.4330000000000003,1954.923875,1954.923875,46,1954.923875,46.0,102.91600000000001
react,38,1955.4386249999998,2106.52635,6.0,2.291,1955.4386249999998,1955.4386249999998,55,1986.4386249999998,62.0,108.73200000000007
react,39,1984.349,2141.2187999999996,387.0,9.578,1984.349,1984.3490000000002,139,2478.2188,260.0,428.0360000000002
react,40,1955.583375,2106.70005,0.0,2.7289999999999996,1955.583375,1955.583375,49,1955.583375,48.0,99.45600000000005
react,41,1957.0545,2052.0545,0.0,2.5140000000000002,1957.0545,1957.0545,53,1957.0545,48.0,91.86399999999998
react,42,1954.8221250000001,2105.78655,0.0,2.427,1954.8221250000001,1954.8221250000001,45,1954.8221250000001,42.0,103.79200000000006
react,43,1954.7484000000002,2061.2484,0.0,2.267,1954.7484000000002,1954.7484000000002,55,1954.7484000000002,49.0,100.588
react,44,1956.8561249999998,2108.22735,5.5,3.726,1956.8561249999998,1956.8561249999998,49,1987.3561249999998,61.0,109.52800000000008
react,45,1956.925125,2108.3101500000002,0.0,2.5829999999999997,1956.925125,1956.925125,53,1956.925125,47.0,99.26800000000007
react,46,1956.547375,2107.85685,5.5,2.954,1956.547375,1956.547375,63,1987.047375,61.0,100.66800000000009
react,47,1954.81525,2105.7783,0.0,2.104,1954.81525,1954.81525,45,1954.81525,43.0,88.25200000000004
react,48,1956.297,2107.5564000000004,0.0,3.041,1956.297,1956.297,61,1956.297,48.0,93.81600000000007
react,49,1954.800375,2105.7604499999998,6.0,2.319,1954.800375,1954.800375,50,1985.800375,62.0,98.95200000000006
react,50,1956.6556500000002,2053.15565,114.0,2.226,1956.6556500000002,1956.6556500000002,67,2170.65565,116.0,223.24800000000002
react,51,1955.104375,2106.12525,0.0,2.672,1955.104375,1955.104375,46,1955.104375,48.0,93.54000000000005
react,52,1955.3960000000002,2106.4752,0.0,2.489,1955.3960000000002,1955.3960000000002,50,1955.3960000000002,40.0,83.53600000000003
react,53,1955.890375,2107.0684499999998,0.0,2.788,1955.890375,1955.890375,49,1955.890375,42.0,90.72799999999997
react,54,1955.280375,2106.33645,0.0,2.647,1955.280375,1955.280375,46,1955.280375,44.0,88.88000000000007
react,55,1956.062875,2107.27545,69.0,2.865,1956.062875,1956.062875,64,2076.27545,119.0,159.5240000000001
react,56,1956.915125,2108.2981499999996,0.0,2.7009999999999996,1956.915125,1956.915125,48,1956.915125,45.0,90.49600000000004
react,57,1955.0149999999999,2106.018,62.0,1.868,1955.0149999999999,1955.0149999999999,77,2068.018,112.0,166.2120000000001
react,58,1977.4395,2096.9394999999995,79.0,2.061,1977.4395,1977.4395,105,2106.4395,129.0,174.528
react,59,1957.11825,2057.11825,1.0,2.564,1957.11825,1957.11825,50,1983.11825,52.0,111.36000000000004
react,60,1955.31,2106.3720000000003,0.0,2.677,1955.31,1955.31,44,1955.31,46.0,82.30800000000006
react,61,1956.4275,2053.4275000000002,0.0,2.1900000000000004,1956.4275,1956.4275,52,1956.4275,48.0,112.07600000000004
react,62,1954.740375,2105.68845,0.0,2.0909999999999997,1954.740375,1954.740375,43,1954.740375,48.0,109.86000000000001
react,63,1980.227875,2108.3646,0.0,2.338,1980.227875,1980.227875,42,1980.227875,41.0,92.81600000000006
react,64,1954.906375,2105.8876499999997,0.0,1.8949999999999998,1954.906375,1954.906375,44,1954.906375,41.0,85.07600000000005
react,65,1955.300875,2106.3610500000004,0.0,2.574,1955.300875,1955.300875,47,1955.300875,46.0,91.07200000000003
react,66,1955.749375,2106.8992500000004,0.0,2.677,1955.749375,1955.749375,48,1955.749375,44.0,90.81600000000007
react,67,1956.3229999999999,2107.5876,0.0,2.642,1956.3229999999999,1956.3229999999999,51,1956.3229999999999,47.0,91.988
react,68,1954.719375,2105.6632499999996,0.0,2.0829999999999997,1954.719375,1954.719375,45,1954.719375,43.0,90.48400000000001
react,69,1954.819,2105.7828,0.0,2.169,1954.819,1954.819,42,1954.819,47.0,100.42000000000003
react,70,1954.7562,2050.2562000000003,0.0,1.9200000000000002,1954.7562,1954.7562,49,1954.7562,42.0,95.24800000000005
react,71,1956.027,2107.2324,0.0,2.8070000000000004,1956.027,1956.027,49,1956.027,50.0,119.14400000000006
react,72,1956.41805,2054.41805,0.0,2.421,1956.41805,1956.41805,52,1956.41805,45.0,90.90799999999999
react,73,1956.6077500000001,2107.9293,0.0,2.566,1956.6077500000001,1956.6077500000001,56,1956.6077500000001,45.0,87.45200000000006
react,74,1959.0642500000001,2110.8771,0.0,2.246,1959.0642500000001,1959.0642500000001,58,1959.0642500000001,45.0,94.35600000000007
react,75,1956.7615500000002,2056.76155,3.5,2.5749999999999997,1956.7615500000002,1956.7615500000002,70,1985.2615500000002,57.0,98.34400000000002
react,76,1955.146125,2106.17535,5.0,2.394,1955.146125,1955.146125,50,1985.146125,60.0,102.89600000000004
react,77,1955.5258749999998,2106.63105,0.0,2.454,1955.5258749999998,1955.5258749999998,43,1955.5258749999998,46.0,112.43600000000004
react,78,1955.83815,2056.33815,0.0,3.0490000000000004,1955.83815,1955.83815,54,1955.83815,43.0,98.20400000000006
react,79,1955.92675,2107.1121000000003,0.0,2.974,1955.92675,1955.92675,57,1955.92675,47.0,86.25200000000005
react,80,1955.826625,2106.9919499999996,0.0,2.652,1955.826625,1955.826625,58,1955.826625,45.0,87.416
react,81,1955.2545,2106.3054,0.0,2.465,1955.2545,1955.2545,44,1955.2545,48.0,107.628
react,82,1954.8894999999998,2105.8674,0.0,3.003,1954.8894999999998,1954.8894999999998,50,1954.8894999999998,48.00000000000023,109.21200000000006
react,83,1958.7003,2064.2003,145.0,5.3919999999999995,1958.7003,1958.7003,83,2203.7003,123.0,261.316
react,84,1981.944125,2107.9106,0.0,2.235,1981.944125,1981.944125,42,1981.944125,47.0,103.57200000000003
react,85,1957.074375,2108.4892499999996,0.0,2.9459999999999997,1957.074375,1957.074375,64,1957.074375,42.0,86.09600000000006
react,86,1953.1245000000001,2103.7494,6.5,3.071,1953.1245000000001,1953.1245000000001,61,2007.6245000000001,63.0,140.90000000000003
react,87,1954.864,2105.8368,0.0,2.415,1954.864,1954.864,49,1954.864,46.0,84.15600000000005
react,88,1954.62475,2105.5497000000005,0.0,2.8419999999999996,1954.62475,1954.62475,43,1954.62475,45.0,99.84800000000004
react,89,1955.4116999999999,2054.4117,0.0,1.7109999999999999,1955.4116999999999,1955.4116999999999,55,1955.4116999999999,43.999999999999886,102.27200000000003
react,90,1954.95525,2105.9462999999996,0.0,2.27,1954.95525,1954.95525,55,1954.95525,48.99999999999977,102.52000000000005
react,91,1955.282125,2106.33855,0.0,2.767,1955.282125,1955.282125,45,1955.282125,16.0,105.44400000000006
react,92,1955.425375,2106.5104499999998,0.0,2.717,1955.425375,1955.425375,46,1955.425375,43.0,110.65200000000007
react,93,1957.434375,2108.9212500000003,0.0,2.868,1957.434375,1957.434375,49,1957.434375,46.0,79.68800000000003
react,94,1959.9022499999999,2068.40225,1.5,2.122,1959.9022499999999,1959.9022499999999,67,1986.4022499999999,52.999999999999886,94.92400000000004
react,95,1982.19975,2106.7196,0.0,1.666,1982.19975,1982.19975,42,1982.19975,22.0,88.17600000000006
react,96,1959.8198750000001,2111.78385,1.0,2.9090000000000003,1959.8198750000001,1959.8198750000001,53,1985.8198750000001,52.0,94.30799999999999
react,97,1956.057375,2107.2688500000004,0.0,2.546,1956.057375,1956.057375,73,1956.057375,48.0,97.26000000000003
react,98,1954.193375,2105.03205,0.0,1.8009999999999997,1954.193375,1954.193375,56,1954.193375,42.0,84.42000000000002
react,99,1955.5345,2106.6414,0.0,2.62,1955.5345,1955.5345,73,1955.5345,43.0,86.30000000000001
react,100,1955.29475,2106.3536999999997,0.0,2.779,1955.29475,1955.29475,49,1955.29475,45.0,103.41200000000003
vue,1,1433.3525,1600.0230000000001,0.0,3.104000000000042,2857.422912000019,1433.3525,1494,1433.3525,16.0,108.98800000000007
vue,2,1357.2130000000002,1381.2130000000002,0.0,2.871,1357.2130000000002,1381.2130000000002,57,1381.2130000000002,48.0,68.29200000000006
vue,3,1357.4355,1378.4355,0.0,3.0170000000000003,1357.4355,1378.4355,45,1378.4355,42.0,59.88400000000003
vue,4,1359.48225,1383.98225,0.0,3.117,1359.48225,1383.98225,56,1383.98225,49.0,84.53200000000002
vue,5,1357.26525,1382.76525,0.5,2.89,1357.26525,1382.76525,49,1408.26525,51.0,70.97600000000003
vue,6,1363.27995,1363.27995,0.0,3.214,1363.27995,1363.27995,70,1363.27995,16.0,64.91600000000005
vue,7,1358.1056250000001,1358.1056250000001,0.0,3.38,1358.1056250000001,1358.1056250000001,52,1358.1056250000001,16.0,63.52000000000004
vue,8,1359.7075,1382.2075,8058.675499999999,3.8739999999999997,4461.774926346284,1382.2075,46,9468.383,8860.0,70.42800000000003
vue,9,1357.9560000000001,1379.4560000000001,0.0,3.171,1357.9560000000001,1379.4560000000001,43,1379.4560000000001,43.0,59.392000000000074
vue,10,1358.147875,1358.147875,0.0,3.246,1358.147875,1358.147875,41,1358.147875,16.0,58.24800000000003
vue,11,1357.40425,1428.90425,91.51914999999997,2.966,1357.40425,1428.90425,105,1500.40425,143.0,263.3880000000001
vue,12,1357.3341249999999,1357.3341249999999,0.0,2.899,1357.3341249999999,1357.3341249999999,97,1357.3341249999999,16.0,226.80800000000008
vue,13,1363.4283,1393.9283,11.0,2.7,1363.4283,1393.9283,84,1424.4283,61.0,90.55599999999998
vue,14,1358.2467500000002,1358.2467500000002,0.0,3.28,1358.2467500000002,1358.2467500000002,44,1358.2467500000002,16.0,61.84400000000006
vue,15,1357.1243749999999,1382.1243749999999,0.0,2.819,1357.1243749999999,1382.1243749999999,50,1382.1243749999999,50.0,68.36800000000005
vue,16,1359.7480500000001,1381.2480500000001,0.0,3.226,1359.7480500000001,1381.2480500000001,48,1381.2480500000001,43.0,78.824
vue,17,1360.495375,1381.995375,0.0,4.174,1360.495375,1381.995375,60,1381.995375,43.0,61.31200000000003
vue,18,1358.0971249999998,1382.5971249999998,0.0,3.2239999999999998,1358.0971249999998,1382.5971249999998,47,1382.5971249999998,49.0,65.20400000000004
vue,19,1374.3975,1396.8975,0.0,5.186999999999999,1374.3975,1396.8975,69,1396.8975,45.0,75.848
vue,20,1356.160875,1381.660875,0.5,2.455,1356.160875,1381.660875,56,1407.160875,51.0,382.72400000000005
vue,21,1356.939625,1356.939625,0.0,2.755,1356.939625,1356.939625,45,1356.939625,16.0,67.644
vue,22,1356.4678749999998,1380.9678749999998,0.0,2.557,1356.4678749999998,1380.9678749999998,45,1380.9678749999998,49.0,65.09200000000003
vue,23,1357.3815,1392.3815,18.523699999999963,2.924,1357.3815,1392.3815,64,1427.3815,70.0,106.99199999999996
vue,24,1356.3827499999998,1379.3827499999998,0.0,2.531,1356.3827499999998,1379.3827499999998,63,1379.3827499999998,46.0,74.19600000000001
vue,25,1358.028375,1387.028375,6.394324999999981,2.92,1358.028375,1387.028375,57,1416.028375,58.0,69.97600000000004
vue,26,1357.4709,1357.4709,0.0,2.854,1357.4709,1357.4709,59,1357.4709,16.0,119.13200000000003
vue,27,1356.4654999999998,1377.9654999999998,0.0,3.147,1356.4654999999998,1377.9654999999998,42,1377.9654999999998,43.0,59.52400000000006
vue,28,1357.88875,1357.88875,0.0,3.138,1357.88875,1357.88875,44,1357.88875,16.0,63.832000000000065
vue,29,1356.996875,1381.496875,0.0,2.794,1356.996875,1381.496875,46,1381.496875,49.0,75.76400000000001
vue,30,1356.77925,1382.77925,2.0,2.8640000000000003,1356.77925,1382.77925,46,1408.77925,52.0,68.68800000000003
vue,31,1358.3131250000001,1358.3131250000001,0.0,3.6339999999999995,1358.3131250000001,1358.3131250000001,43,1358.3131250000001,16.0,60.868000000000045
vue,32,1356.053125,1356.053125,0.0,2.417,1356.053125,1356.053125,40,1356.053125,16.0,55.46800000000003
vue,33,1355.7830000000001,1378.7830000000001,0.0,2.4610000000000003,1355.7830000000001,1378.7830000000001,53,1378.7830000000001,46.0,57.36400000000002
vue,34,1356.216125,1356.216125,0.0,2.443,1356.216125,1356.216125,42,1356.216125,16.0,64.40400000000002
vue,35,1357.7645000000002,1390.2645000000002,13.447099999999978,3.092,1357.7645000000002,1390.2645000000002,73,1422.7645000000002,65.0,58.83600000000006
vue,36,1355.44675,1355.44675,0.0,2.833,1355.44675,1355.44675,39,1355.44675,16.0,60.55600000000002
vue,37,1355.31735,1380.31735,0.0,2.946,1355.31735,1380.31735,44,1380.31735,50.0,67.28400000000006
vue,38,1358.338,1381.838,0.0,2.766,1358.338,1381.838,49,1381.838,47.0,66.20800000000003
vue,39,1358.27895,1358.27895,0.0,3.168,1358.27895,1358.27895,47,1358.27895,16.0,64.15600000000003
vue,40,1397.3001249999998,1464.8001249999998,75.53997500000003,13.453,1397.3001249999998,1464.8001249999998,113,1532.3001249999998,135.0,217.85600000000002
vue,41,1356.2847500000003,1382.7847500000003,1.7430499999999256,4.152,1356.2847500000003,1382.7847500000003,50,1409.2847500000003,53.0,71.468
vue,42,1357.0331999999999,1357.0331999999999,0.0,2.916,1357.0331999999999,1357.0331999999999,46,1357.0331999999999,16.0,63.79200000000003
vue,43,1357.054125,1382.054125,0.0,2.7840000000000003,1357.054125,1382.054125,49,1382.054125,50.0,69.59599999999999
vue,44,1357.3323,1379.8323,0.0,2.814,1357.3323,1379.8323,48,1379.8323,45.0,56.96400000000004
vue,45,1355.913,1378.913,0.0,3.075,1355.913,1378.913,42,1378.913,46.0,60.08000000000002
vue,46,1357.223,1386.723,7.555399999999963,2.88,1357.223,1386.723,48,1416.223,59.0,83.43200000000004
vue,47,1355.8563749999998,1379.8563749999998,0.0,2.319,1355.8563749999998,1379.8563749999998,48,1379.8563749999998,48.0,63.49200000000002
vue,48,1358.57565,1381.07565,0.0,3.122,1358.57565,1381.07565,50,1381.07565,45.0,63.136000000000024
vue,49,1355.86775,1355.86775,0.0,2.265,1355.86775,1355.86775,44,1355.86775,16.0,56.04400000000005
vue,50,1355.637375,1381.637375,1.0,3.3369999999999997,1355.637375,1381.637375,49,1407.637375,52.0,75.76000000000003
vue,51,1358.5846499999998,1383.5846499999998,0.0,3.5439999999999996,1358.5846499999998,1383.5846499999998,51,1383.5846499999998,50.0,64.47200000000005
vue,52,1360.33675,1390.33675,7.932649999999967,4.118,1360.33675,1390.33675,60,1420.33675,60.0,80.28800000000004
vue,53,1356.4988750000002,1356.4988750000002,0.0,3.195,1356.4988750000002,1356.4988750000002,43,1356.4988750000002,16.0,60.68800000000003
vue,54,1357.47725,1381.97725,0.0,3.9970000000000003,1357.47725,1381.97725,49,1381.97725,49.0,70.38000000000002
vue,55,1355.537875,1355.537875,0.0,2.194,1355.537875,1355.537875,55,1355.537875,16.0,55.93200000000002
vue,56,1357.75125,1381.25125,0.0,2.3440000000000003,1357.75125,1381.25125,54,1381.25125,47.0,62.45200000000004
vue,57,1358.9565,1358.9565,0.0,2.968,1358.9565,1358.9565,53,1358.9565,16.0,69.02800000000003
vue,58,1357.3899999999999,1357.3899999999999,0.0,2.964,1357.3899999999999,1357.3899999999999,40,1357.3899999999999,16.0,58.45200000000009
vue,59,1357.4058,1379.4058,0.0,3.084,1357.4058,1379.4058,43,1379.4058,44.0,72.60000000000004
vue,60,1355.6440000000002,1355.6440000000002,0.0,2.447,1355.6440000000002,1355.6440000000002,42,1355.6440000000002,16.0,56.536000000000044
vue,61,1362.17175,1385.17175,0.0,3.02,1362.17175,1385.17175,45,1385.17175,46.0,59.184000000000054
vue,62,1356.14475,1356.14475,0.0,3.213,1356.14475,1356.14475,43,1356.14475,16.0,71.01200000000006
vue,63,1356.4786250000002,1378.9786250000002,0.0,2.959,1356.4786250000002,1378.9786250000002,42,1378.9786250000002,45.0,76.236
vue,64,1355.88975,1377.38975,0.0,3.107,1355.88975,1377.38975,40,1377.38975,43.0,59.14800000000001
vue,65,1356.1233750000001,1376.6233750000001,0.0,2.6500000000000004,1356.1233750000001,1376.6233750000001,41,1376.6233750000001,41.0,57.54400000000004
vue,66,1357.1167500000001,1378.6167500000001,0.0,2.844,1357.1167500000001,1378.6167500000001,42,1378.6167500000001,43.0,67.364
vue,67,1356.163125,1356.163125,0.0,2.73,1356.163125,1356.163125,56,1356.163125,16.0,112.22000000000006
vue,68,1361.5917,1361.5917,0.0,2.613,1361.5917,1361.5917,66,1361.5917,16.0,90.40399999999998
vue,69,1355.563,1378.563,0.0,3.8499999999999996,1355.563,1378.563,44,1378.563,46.0,69.07600000000001
vue,70,1358.1354000000001,1358.1354000000001,0.0,3.4459999999999997,1358.1354000000001,1358.1354000000001,64,1358.1354000000001,16.0,69.82000000000004
vue,71,1360.0373749999999,1360.0373749999999,0.0,2.854,1360.0373749999999,1360.0373749999999,55,1360.0373749999999,16.0,78.124
vue,72,1357.9566249999998,1383.9566249999998,1.0,2.231,1357.9566249999998,1383.9566249999998,53,1409.9566249999998,52.0,72.53200000000002
vue,73,1368.9786,1400.9786,14.0,3.2399999999999998,1368.9786,1400.9786,66,1432.9786,64.0,100.74400000000003
vue,74,1357.2867500000002,1384.7867500000002,3.5426499999999805,2.917,1357.2867500000002,1384.7867500000002,54,1412.2867500000002,55.0,69.72800000000002
vue,75,1357.12635,1382.12635,0.0,2.355,1357.12635,1382.12635,59,1382.12635,50.0,66.87200000000003
vue,76,1355.6731250000003,1355.6731250000003,0.0,2.249,1355.6731250000003,1355.6731250000003,42,1355.6731250000003,16.0,67.69200000000002
vue,77,1355.79975,1405.79975,48.84005000000002,2.9499999999999997,1355.79975,1405.79975,59,1455.79975,100.0,114.90799999999997
vue,78,1356.50295,1391.50295,20.0,3.037,1356.50295,1391.50295,67,1426.50295,70.0,103.37199999999999
vue,79,1361.0883000000001,1361.0883000000001,0.0,3.686,1361.0883000000001,1361.0883000000001,48,1361.0883000000001,16.0,59.432000000000016
vue,80,1361.0904,1392.0904,12.0,3.6719999999999997,1361.0904,1392.0904,55,1423.0904,62.0,80.91999999999999
vue,81,1356.7712499999998,1385.2712499999998,5.645750000000021,2.677,1356.7712499999998,1385.2712499999998,60,1413.7712499999998,57.0,77.88000000000005
vue,82,1355.3447499999997,1376.8447499999997,0.0,2.121,1355.3447499999997,1376.8447499999997,45,1376.8447499999997,43.0,60.696000000000055
vue,83,1357.4074999999998,1381.4074999999998,0.0,2.941,1357.4074999999998,1381.4074999999998,45,1381.4074999999998,48.0,56.27600000000007
vue,84,1358.268875,1358.268875,0.0,3.2790000000000004,1358.268875,1358.268875,65,1358.268875,16.0,97.352
vue,85,1357.1891249999999,1381.1891249999999,0.0,2.842,1357.1891249999999,1381.1891249999999,48,1381.1891249999999,48.0,63.132000000000026
vue,86,1364.5881249999998,1393.0881249999998,4.08237500000007,2.5810000000000004,1364.5881249999998,1393.0881249999998,55,1421.5881249999998,57.0,74.42799999999998
vue,87,1361.1003,1395.1003,18.0,3.8440000000000003,1361.1003,1395.1003,77,1429.1003,68.0,82.28000000000002
vue,88,1359.8128499999998,1385.8128499999998,2.0,3.2489999999999997,1359.8128499999998,1385.8128499999998,60,1411.8128499999998,52.0,68.16400000000004
vue,89,1358.6937,1380.1937,0.0,3.093,1358.6937,1380.1937,46,1380.1937,43.0,66.03200000000002
vue,90,1375.7134,1397.2134,0.0,2.782,1375.7134,1397.2134,79,1397.2134,43.0,58.076000000000036
vue,91,1356.9634999999998,1356.9634999999998,0.0,3.033,1356.9634999999998,1356.9634999999998,40,1356.9634999999998,16.0,58.408000000000044
vue,92,1357.9101249999999,1380.9101249999999,0.0,3.1310000000000002,1357.9101249999999,1380.9101249999999,50,1380.9101249999999,46.0,62.59200000000004
vue,93,1356.6418749999998,1356.6418749999998,0.0,2.614,1356.6418749999998,1356.6418749999998,43,1356.6418749999998,16.0,63.412000000000056
vue,94,1357.06875,1357.06875,0.0,2.873,1357.06875,1357.06875,41,1357.06875,16.0,59.70400000000002
vue,95,1357.13425,1380.13425,0.0,2.968,1357.13425,1380.13425,42,1380.13425,46.0,59.260000000000005
vue,96,1358.8451249999998,1382.3451249999998,0.0,3.499,1358.8451249999998,1382.3451249999998,49,1382.3451249999998,47.0,59.34400000000005
vue,97,1359.2015999999999,1385.2015999999999,2.0,3.199,1359.2015999999999,1385.2015999999999,51,1411.2015999999999,52.0,74.156
vue,98,1357.3263,1384.3263,4.0,2.423,1357.3263,1384.3263,52,1411.3263,54.0,71.02800000000002
vue,99,1356.627125,1379.127125,0.0,2.559,1356.627125,1379.127125,51,1379.127125,45.0,61.96400000000005
vue,100,1357.3587499999999,1357.3587499999999,0.0,2.911,1357.3587499999999,1357.3587499999999,46,1357.3587499999999,16.0,69.48800000000004
angular,1,2042.5625000000002,2331.8875,41.0,2.5410000000000004,2042.5625000000002,2088.0625,152,2339.9750000000004,91.0,259.52800000000013
angular,2,1955.892625,2258.249675,27.0,2.58,1955.892625,1994.392625,100,2034.07115,77.0,262.6920000000002
angular,3,1957.50475,2260.5066500000003,28.0,2.984,1957.50475,1996.50475,99,2037.0057,78.0,273.11200000000014
angular,4,1954.808125,2256.7313750000003,0.0,3.4520000000000004,1954.808125,1954.808125,111,1954.808125,16.0,259.65200000000027
angular,5,1956.2895,2258.8053,38.0,2.665,1956.2895,2000.2895,107,2045.5474000000002,88.0,279.79999999999995
angular,6,1955.53575,2257.75005,0.0,2.854,1955.53575,1955.53575,100,1955.53575,16.0,273.1960000000002
angular,7,1955.083625,2257.117075,29.0,2.722,1955.083625,1994.583625,105,2035.10035,79.0,257.00000000000017
angular,8,1955.0031250000002,2257.004375,29.0,2.3629999999999995,1955.0031250000002,1994.5031250000002,106,2035.00375,79.0,268.09600000000034
angular,9,1955.25025,2257.35035,34.0,2.261,1955.25025,1997.25025,102,2040.3003,84.0,261.4079999999999
angular,10,1957.524125,2260.533775,70.0,3.6559999999999997,1957.524125,2017.524125,135,2079.02895,120.0,371.0600000000002
angular,11,2007.512125,2287.3169749999997,35.0,2.357,2007.512125,2050.012125,136,2295.41455,85.0,301.80000000000007
angular,12,1956.888,2259.6432,29.0,3.3209999999999997,1956.888,1996.388,110,2037.2656,79.0,262.8040000000002
angular,13,1957.446375,2260.4249250000003,28.0,2.967,1957.446375,1996.446375,99,2036.9356500000001,78.0,243.87600000000026
angular,14,1956.403,2258.9642000000003,28.0,2.9979999999999998,1956.403,1995.403,103,2035.6836,78.0,258.50000000000017
angular,15,2087.7816249999996,2384.2379499999997,182.0,14.194,2087.7816249999996,2203.7816249999996,323,2500.2379499999997,232.0,808.1200000000009
angular,16,2000.000125,2280.4001749999998,32.0,2.606,2000.000125,2041.0001249999998,141,2286.2001499999997,82.0,306.9879999999999
angular,17,2000.795125,2280.613175,35.0,4.7620000000000005,2000.795125,2043.295125,116,2289.45415,85.0,282.8399999999999
angular,18,1954.275375,2255.985525,31.0,2.623,1954.275375,1994.775375,99,2036.1304499999999,81.0,264.5400000000002
angular,19,2008.063375,2292.5887249999996,36.0,6.026999999999999,2008.063375,2051.0633749999997,119,2300.5760499999997,86.0,270.53600000000023
angular,20,2007.198125,2289.577375,28.0,4.8469999999999995,2007.198125,2046.198125,125,2290.13775,78.0,293.63200000000046
angular,21,1972.117375,2280.9643250000004,36.00000000000023,3.825,1972.117375,2015.1173750000003,143,2062.5408500000003,86.00000000000023,299.46
angular,22,1955.361375,2257.505925,0.0,3.4419999999999997,1955.361375,1955.361375,111,1955.361375,16.0,290.81200000000024
angular,23,1954.6438749999998,2256.5014250000004,57.00000000000023,1.8519999999999999,1954.6438749999998,2008.143875,160,2062.57265,107.00000000000023,373.6640000000001
angular,24,1954.945625,2256.9238750000004,29.0,2.641,1954.945625,1994.445625,131,2034.9347500000001,79.0,302.10400000000027
angular,25,1953.33725,2254.6721499999994,42.0,2.648,1953.33725,1999.33725,119,2046.0047,92.0,294.75600000000003
angular,26,1955.25975,2257.3636500000002,21.0,2.416,1955.25975,1990.75975,96,2027.3117,71.0,252.56400000000025
angular,27,2018.5406249999999,2289.256875,37.0,2.7249999999999996,2018.5406249999999,2062.0406249999996,119,2300.14875,87.0,294.5
angular,28,2002.64075,2281.39705,0.0,5.720000000000001,2002.64075,2002.64075,121,2002.64075,16.0,260.9520000000002
angular,29,1955.550125,2106.6601499999997,0.0,2.944,1955.550125,1955.550125,136,1955.550125,16.0,376.94000000000005
angular,30,1997.657875,2277.1210250000004,0.0,3.248,1997.657875,1997.657875,110,1997.657875,16.0,267.9680000000002
angular,31,1954.221375,2374.2213749999996,489.99999999999955,2.786,1954.221375,2224.221375,333,2495.06565,539.9999999999995,1200.3719999999912
angular,32,1961.6388749999999,2113.96665,28.672225000000026,2.912,1961.6388749999999,2002.1388749999999,155,2042.6388749999999,81.0,266.424
angular,33,1957.7717499999999,2260.8804499999997,36.0,3.0999999999999996,1957.7717499999999,2000.7717499999999,117,2045.3261,86.0,315.408
angular,34,1957.69325,2109.2318999999998,36.0,3.062,1957.69325,2000.69325,115,2045.2319,86.0,295.544
angular,35,1956.507875,2259.111025,0.0,2.776,1956.507875,1956.507875,101,1956.507875,16.0,269.3200000000002
angular,36,1954.039625,2255.6554750000005,30.0,2.729,1954.039625,1994.039625,104,2034.84755,80.0,251.26800000000037
angular,37,1954.45075,2256.23105,24.0,2.968,1954.45075,1991.45075,94,2029.3409,74.0,242.78000000000023
angular,38,2002.3588750000001,2283.7024250000004,55.0,3.188,2002.3588750000001,2054.858875,131,2312.03065,105.0,352.68799999999976
angular,39,1954.313,2256.0382,29.0,3.097,1954.313,1993.813,104,2034.1756,79.0,285.8680000000002
angular,40,1955.65825,2257.92155,28.0,3.151,1955.65825,1994.65825,105,2034.7899,78.0,269.9600000000004
angular,41,1954.42175,2256.19045,30.0,6.122,1954.42175,1994.42175,118,2035.3061,80.0,251.85600000000028
angular,42,1953.4370000000001,2254.8118000000004,24.0,2.279,1953.4370000000001,1990.4370000000001,97,2028.1244000000002,74.0,235.0000000000003
angular,43,1953.3505,2254.6907,32.0,2.8569999999999998,1953.3505,1994.3505,103,2036.0206,82.0,253.0680000000002
angular,44,1954.32325,2256.05255,37.0,2.654,1954.32325,1997.82325,107,2042.1879,87.0,290.4200000000001
angular,45,2089.351125,2329.8915749999996,0.0,7.833000000000001,2089.351125,2089.351125,172,2089.351125,16.0,424.13200000000006
angular,46,1956.820375,2259.548525,30.0,3.0469999999999997,1956.820375,1996.820375,97,2038.18445,80.0,257.6400000000002
angular,47,1953.70075,2255.18105,23.0,2.806,1953.70075,1990.20075,94,2027.4409,73.0,242.55200000000025
angular,48,1955.31475,2257.44065,30.0,3.224,1955.31475,1995.31475,107,2036.3777,80.0,274.91200000000026
angular,49,1955.91,2258.2740000000003,38.0,3.124,1955.91,1999.91,103,2045.092,88.0,284.9039999999999
angular,50,1954.359375,2256.103125,30.0,3.0869999999999997,1954.359375,1994.359375,96,2035.23125,80.0,250.83600000000027
angular,51,1953.941875,2255.5186249999997,26.0,3.089,1953.941875,1991.941875,103,2030.7302499999998,76.0,263.8960000000002
angular,52,1954.1356250000001,2255.7898750000004,28.0,2.837,1954.1356250000001,1993.1356250000001,102,2032.9627500000001,78.0,267.8480000000002
angular,53,2001.98,2282.272,0.0,3.1189999999999998,2001.98,2001.98,107,2001.98,16.0,288.51600000000025
angular,54,1956.4969999999998,2259.0958,27.0,3.101,1956.4969999999998,1994.9969999999998,96,2034.7964,77.0,256.18400000000025
angular,55,1954.358,2256.1012,28.0,2.514,1954.358,1993.358,96,2033.2296,78.0,262.7840000000002
angular,56,1954.4409999999998,2256.2174,29.0,3.1510000000000002,1954.4409999999998,1993.9409999999998,98,2034.3292,79.0,261.7640000000001
angular,57,1955.790375,2258.106525,30.0,2.6069999999999998,1955.790375,1995.790375,106,2036.94845,80.0,270.20400000000006
angular,58,1955.726125,2258.0165749999996,29.0,3.103,1955.726125,1995.226125,109,2035.87135,79.0,266.1880000000002
angular,59,1954.665625,2256.531875,28.0,3.1500000000000004,1954.665625,1993.665625,103,2033.59875,78.0,262.4280000000002
angular,60,1957.13,2259.982,25.0,2.8280000000000003,1957.13,1994.63,95,2033.556,75.0,249.53200000000024
angular,61,1956.883375,2259.636725,40.0,3.051,1956.883375,2001.883375,105,2048.26005,90.0,291.13199999999995
angular,62,1956.783125,2259.4963749999997,0.0,3.1239999999999997,1956.783125,1956.783125,102,1956.783125,16.0,265.98399999999987
angular,63,1955.80475,2258.12665,36.0,2.312,1955.80475,1998.80475,159,2042.9657,86.0,330.1000000000001
angular,64,1957.15675,2260.0194500000002,38.0,2.87,1957.15675,2001.15675,127,2046.5881000000002,88.0,351.86000000000007
angular,65,1955.9360000000001,2258.3104000000003,30.0,2.359,1955.9360000000001,1995.9360000000001,126,2037.1232,80.0,267.41600000000017
angular,66,1955.3995,2257.5593,0.0,2.144,1955.3995,1955.3995,125,1955.3995,16.0,291.85600000000005
angular,67,2028.5155,2359.9217,47.00000000000023,13.141,2028.5155,2077.0155,193,2141.2186,97.00000000000023,402.31600000000003
angular,68,1956.136375,2258.590925,27.0,2.442,1956.136375,1994.636375,121,2034.36365,77.0,255.7640000000003
angular,69,1954.416625,2256.1832750000003,28.0,2.311,1954.416625,1993.416625,104,2033.29995,78.0,250.44400000000016
angular,70,1954.1971250000001,2255.875975,27.0,4.261,1954.1971250000001,1992.6971250000001,105,2032.03655,77.0,260.0440000000002
angular,71,1969.9203750000001,2277.8885250000003,0.0,2.586,1969.9203750000001,1969.9203750000001,137,1969.9203750000001,16.0,383.6160000000003
angular,72,1959.72125,2263.60975,30.0,3.117,1959.72125,1999.72125,135,2041.6655,80.0,272.16399999999976
angular,73,1955.944125,2258.321775,52.00000000000023,2.3609999999999998,1955.944125,2006.944125,123,2059.13295,102.00000000000023,340.3760000000002
angular,74,1955.161875,2257.2266250000002,27.0,2.738,1955.161875,1993.661875,93,2033.19425,77.0,239.41600000000028
angular,75,1957.5763749999999,2260.606925,30.0,3.0260000000000002,1957.5763749999999,1997.5763749999999,113,2039.0916499999998,80.0,292.6600000000003
angular,76,1954.105875,2255.7482250000003,31.0,4.1370000000000005,1954.105875,1994.605875,107,2035.92705,81.0,279.3760000000003
angular,77,1957.1846249999999,2260.058475,28.0,2.854,1957.1846249999999,1996.1846249999999,98,2036.6215499999998,78.0,252.94400000000027
angular,78,1956.87375,2259.6232499999996,32.0,2.965,1956.87375,1997.87375,99,2040.2485,82.0,268.7360000000002
angular,79,1956.2552500000002,2258.7573500000003,0.0,2.901,1956.2552500000002,1956.2552500000002,106,1956.2552500000002,16.0,254.5640000000002
angular,80,1955.373125,2257.522375,30.0,3.065,1955.373125,1995.373125,99,2036.44775,80.0,276.15600000000023
angular,81,1955.302875,2257.4240250000003,33.0,3.003,1955.302875,1996.802875,100,2039.36345,83.0,268.5840000000007
angular,82,1956.146875,2258.605625,28.0,2.716,1956.146875,1995.146875,102,2035.37625,78.0,243.81600000000026
angular,83,1957.151375,2260.011925,25.0,2.861,1957.151375,1994.651375,102,2033.5816499999999,75.0,253.24800000000033
angular,84,1955.4565,2257.6391000000003,25.0,2.893,1955.4565,1992.9565,114,2031.5478,75.0,239.30400000000017
angular,85,1954.751,2256.6513999999997,33.0,2.92,1954.751,1996.251,109,2038.7012,83.0,282.41999999999985
angular,86,1956.9748749999999,2259.7648249999997,25.0,2.884,1956.9748749999999,1994.4748749999999,105,2033.36985,75.0,279.96000000000026
angular,87,1955.46075,2257.64505,28.0,3.094,1955.46075,1994.46075,96,2034.5529,78.0,250.08000000000024
angular,88,1954.57575,2256.40605,31.0,3.1350000000000002,1954.57575,1995.07575,100,2036.4909,81.0,283.14800000000037
angular,89,2006.93675,2285.6114500000003,28.0,3.6559999999999997,2006.93675,2045.93675,114,2287.0241,78.0,271.964
angular,90,1956.20225,2258.68315,27.0,2.784,1956.20225,1994.70225,108,2034.4427,77.0,244.88400000000016
angular,91,1957.10525,2259.9473499999995,25.0,2.8289999999999997,1957.10525,1994.60525,98,2033.5263,75.0,283.38000000000034
angular,92,1954.3823750000001,2256.135325,27.0,2.6559999999999997,1954.3823750000001,1992.8823750000001,101,2032.2588500000002,77.0,269.09600000000023
angular,93,1956.371875,2258.9206249999997,27.0,2.838,1956.371875,1994.871875,103,2034.64625,77.0,252.67200000000037
angular,94,1954.561,2256.3854,33.0,3.0330000000000004,1954.561,1996.061,104,2038.4732,83.0,276.12400000000036
angular,95,1957.81275,2260.9378500000003,29.0,3.167,1957.81275,1997.31275,101,2038.3753,79.0,268.67200000000014
angular,96,1955.504,2257.7056,26.0,2.94,1955.504,1993.504,96,2032.6047999999998,76.0,241.72800000000018
angular,97,1955.67625,2257.94675,0.0,2.993,1955.67625,1955.67625,100,1955.67625,16.0,243.46000000000015
angular,98,1955.082625,2257.115675,26.0,2.817,1955.082625,1993.082625,110,2032.09915,76.0,289.6440000000001
angular,99,1956.851,2259.5914000000002,27.0,3.145,1956.851,1995.351,98,2035.2212,77.0,259.9000000000004
angular,100,1955.82675,2258.1574499999997,26.0,3.043,1955.82675,1993.82675,92,2032.9921,76.0,242.67600000000027
